INSERT INTO aluno
(RA, nome_aluno, sobrenome_aluno, CPF, status, sexo, nome_pai, nome_mae, email, whatsapp, fk_cod_curso, fk_cod_turma, fk_cod_endereco)
VALUES
('1','Rosa', 'Maria', '00343353207', '1', 'f', 'Lúcio Alves', 'Haidee Neves', 'rosa.maria@gmail.com', '61991143347','10','1','1'),
('2','João', 'Pedro', '00343193207', '1', 'm', 'José da Silva', 'Iraci da Silva', 'pedrin.joao@gmail.com', '61993185051',DEFAULT, DEFAULT,'2'),
('3','Carla', 'Santos', '00333193207', '0', 'f', 'João Santos', 'Lindaci Santos', 'carlasantos@gmail.com', DEFAULT,'7','2','4'),
('4','Eduardo', 'Figueiredo', '00243193207', '1', 'm', 'Adalberto Figueiredo', 'Maria de Fátima Figueiredo', 'figueiredo.eduardo@gmail.com','61983414481','2','3','5'),
('5','Gabriela', 'Rocha', '00341233207', '1', 'f', 'Ivonildo Rocha', 'Neis Rocha', 'gabrielarocha@hotmail.com', '61991957825', DEFAULT, DEFAULT,'6'),
('6','Patricia', 'Ribeiro', '02393789159', '0', 'f', 'Marco Antonio Silva', 'Clenice Silva', 'ribeiroo@gmail.com', '6193145689','10','1','3'),
('7','Guilherme', 'Bezerra', '333425897', '1', 'm', 'Eduardo Bezerra', 'Socorro Bezerra', 'guibezerran@icloud.com', '6199186598','4','4','3'),
('8','Rayane', 'Pereira', '3407148187', '1', 'f', 'Adalto Pereira', 'Judite Pereira', 'ray_pereira@gmail.com', DEFAULT,'3','6','7'),
('9','Bárbara', 'Santos', '72010589168', '1', 'f', 'Diogo Santos', 'Margareth Santos', 'babi.santos@outlook.com', '61991750631','9','8','8'),
('10','João', 'Neto', '00243215178', '1', 'm', 'João Ivonio Filho', 'Maria de Fátima', 'neto.joao@gmail.com', '61992737788','1','5','9'),
('11','Cleuza', 'Castro', '23413145678', '1', 'f', 'Braulino Castro', 'Maria Rosa Castro', 'cleu.castro@hotmail.com', DEFAULT, '5','5','10'),
('12','Erinaldo', 'Silva', '02315147896', '1', 'm', 'Adamastor Silva', 'Maria da Silva', 'erinaldo@gmail.com', '61992078911','4','7','11'),
('13','Rejane', 'Bispo', '00000134100', '1', 'f', 'João Bispo', 'Ildete Bispo', 'rej.bispo@uol.com', '61999913456','6','5','12'),
('14','Catarina', 'Cardoso', '65312348978', '1', 'f', 'Jorge Cardoso', 'Geralda Cardoso', 'catarinaaa@bol.com', '61996645878','7','6','13'),
('15','Joaquim', 'Andrade', '03879417100', '1', 'm', 'José Carlos Andrade', 'Sonia Andrade', 'andradejoaquim@gmail.com', DEFAULT,'6','5','14'),
('16','Caio', 'Carvalho', '32315978562', '1', 'm', 'Carlos Carvalho', 'Antonia Carvalho', 'caiocarvalho@hotmail.com', '61984316953', DEFAULT, DEFAULT,'15'),
('17','Rodolpho', 'Souza', '12112356987', '0', 'm', 'José Souza', 'Cristina Souza', 'rodsouza@icloud.com', '61983659687','9','6','16'),
('18','Jessica', 'Xavier', '03493457183', '1', 'f', 'Sebastião Xavier', 'Janete Xavier', 'xavier.j@gmail.com', '61991854789','10','1','17'),
('19','Edna', 'Dornelas', '02425165489', '1', 'f', 'Odilon Dornelas', 'Josefa Dornelas', 'edna.dornelas@gmail.com', '6192750321','5','5','18'),
('20','Patrícia', 'Godinho', '63978965412', '1', 'f', 'Pedro Godinho', 'Joyce Godinho', 'godinho@hotmail.com', '6191465233','10','1','19')
;

INSERT INTO aluno_disciplina
(fk_RA, fk_cod_disciplina)
VALUES
('1','5'),('1','1'),('1','3'),('1','6'),('1','8'),('1','10'),('1','13'),('1','14'),('1','17'),('1','23'),
('3','5'),('3','2'),('3','4'),('3','7'),('3','9'),('3','11'),('3','12'),('3','15'),('3','16'),('3','24'),
('4','1'),('4','26'),('4','6'),('4','25'),('4','8'),('4','10'),('4','13'),('4','14'),('4','17'),('4','23'),
('6','5'),('5','3'),('6','4'),('6','7'),('6','9'),('6','11'),('6','13'),('6','15'),('6','16'),('6','24'),
('7','5'),('7','2'),('7','3'),('7','6'),('7','8'),('7','11'),('7','12'),('7','15'),('7','17'),('7','23'),
('8','5'),('8','1'),('8','4'),('8','7'),('8','9'),('8','10'),('8','12'),('8','14'),('8','16'),('8','24'),
('9','5'),('9','2'),('9','6'),('9','7'),('9','8'),('9','11'),('9','13'),('9','15'),('9','17'),('9','23'),
('10','1'),('10','2'),('10','3'),('10','7'),('10','9'),('10','10'),('10','12'),('10','14'),('10','16'),('10','24'),
('11','5'),('11','1'),('11','4'),('11','6'),('11','8'),('11','11'),('11','12'),('11','15'),('11','17'),('11','23'),
('12','5'),('12','2'),('12','3'),('12','7'),('12','9'),('12','10'),('12','13'),('12','14'),('12','16'),('12','24'),
('13','5'),('13','1'),('13','6'),('13','7'),('13','8'),('13','11'),('13','12'),('13','15'),('13','16'),('13','23'),
('14','5'),('14','1'),('14','4'),('14','6'),('14','9'),('14','10'),('14','13'),('14','14'),('14','17'),('14','24'),
('15','5'),('15','2'),('15','6'),('15','7'),('15','8'),('15','11'),('15','12'),('15','15'),('15','16'),('15','23'),
('17','5'),('17','1'),('17','4'),('17','7'),('17','9'),('17','11'),('17','13'),('17','14'),('17','17'),('17','24'),
('18','5'),('18','2'),('18','6'),('18','8'),('18','26'),('18','11'),('18','12'),('18','15'),('18','16'),('18','23'),
('19','5'),('19','1'),('19','4'),('19','7'),('19','9'),('19','11'),('19','12'),('19','14'),('19','17'),('19','23'),
('20','5'),('20','2'),('20','4'),('20','8'),('20','10'),('20','12'),('20','13'),('20','15'),('20','23'),('20','24')
;

INSERT INTO curso
(cod_curso, nome_curso, fk_cod_departamento)
VALUES
('1','Eng. de Software','5'),
('2','An. de Sistemas','5'),
('3','Biologia','3'),
('4','História','1'),
('5','Matemática','2'),
('6','Eng. Elétrica','2'),
('7','Psicologia','1'),
('8','Odontologia','1'),
('9','Quimica','2'),
('10','Pedagogia','4')
;

INSERT INTO curso_disciplina
(fk_cod_curso, fk_cod_disciplina)
VALUES
('1','1'),('1','8'),('1','12'),
('2','4'),('2','25'),('2','26'),
('3','19'),('3','20'),('3','21'),
('4','21'),('4','22'),('4','7'),
('5','26'),('5','25'),('5','5'),
('6','3'),('6','5'),('6','24'),
('7','2'),('7','5'),('7','19'),
('8','18'),('8','16'),('8','20'),
('9','17'),('9','5'),('9','16'),
('10','13'),('10','6'),('10','7')
;

INSERT INTO departamento
(cod_departamento, nome_departamento)
VALUES
('1','Ciências Humanas'),
('2','Matemática'),
('3','Biológicas'),
('4','Estágio'),
('5','Tec. da Informação')
;

INSERT INTO disciplina
(cod_disciplina, nome_disciplina, carga_horaria, descricao, num_aluno, fk_cod_departamento)
VALUES
('1','Rac. Lógico','100','Raciocinio','10','5'),
('2','Pisc. Cognitiva','150','Psicologia','8','1'),
('3','Elet. Digital','200','Eletronica','5','2'),
('4','Prog. em C','250','Programação','8','5'),
('5','Ética','100','ética','15','1'),
('6','Português','230','Interpretação','10','1'),
('7','Libras','90','Comunicação','10','1'),
('8','Redes','300','Internet','10','5'),
('9','Comu. e Midia','150','Midia','8','1'),
('10','Design Web','250','Aparência','7','5'),
('11','Desenv. Web','200','Web','10','5'),
('12','Gestão de Seg.','100','Segurança','10','5'),
('13','Int. a Pedagogia','200','Pedagogia','8','1'),
('14','Didática','120','Didática','8','1'),
('15','Fil. da Educação','230','Filosofia','9','1'),
('16','Imunologia','200','Imunologia','8','3'),
('17','Farmacologia','180','Farmacologia','8','3'),
('18','Periodontia','300','Periodontia','8','3'),
('19','Anatomia','280','Anatomia','10','4'),
('20','Bioestat.','300','Bioestatistica','9','3'),
('21','Ana. Animal','300','Anatomia animal','8','3'),
('22','Hist. do Brasil','300','Sobre o Brasil','8','1'),
('23','Direito','250','Direito','10','1'),
('24','Legislação','150','Legislação','10','1'),
('25','Est. de Dados','280','Dados','10','5'),
('26','Programação','300','Programar','10','5')
;

INSERT INTO disciplina_historico
(notas, frequencia, fk_cod_historico, fk_cod_disciplina)
VALUES
('5.5','55','1','5'),('5.5','55','1','1'),('5.5','55','1','3'),('5.5','55','1','6'),('5.5','55','1','8'),('5.5','55','1','10'),('5.5','55','1','13'),('5.5','55','1','14'),('5.5','55','1','17'),('5.5','55','1','23'),
('6.5','66','2','5'),('6.5','66','2','2'),('6.5','66','2','4'),('6.5','66','2','7'),('6.5','66','2','9'),('6.5','66','2','11'),('6.5','66','2','12'),('6.5','66','2','15'),('6.5','66','2','16'),('6.5','66','2','24'),
('8.5','89','3','1'),('8.5','89','3','26'),('8.5','89','3','6'),('8.5','89','3','25'),('8.5','89','3','8'),('8.5','89','3','10'),('8.5','89','3','13'),('8.5','89','3','14'),('8.5','89','3','17'),('8.5','89','3','23'),
('9.5','100','4','5'),('9.5','100','4','3'),('9.5','100','4','4'),('9.5','100','4','7'),('9.5','100','4','9'),('9.5','100','4','11'),('9.5','100','4','13'),('9.5','100','4','15'),('9.5','100','4','16'),('9.5','100','4','24'),
('3.5','60','5','5'),('3.5','60','5','2'),('3.5','60','5','3'),('3.5','60','5','6'),('3.5','60','5','8'),('3.5','60','5','11'),('3.5','60','5','12'),('3.5','60','5','15'),('3.5','60','5','17'),('3.5','60','5','23'),
('4.5','90','6','5'),('4.5','90','6','1'),('4.5','90','6','4'),('4.5','90','6','7'),('4.5','90','6','9'),('4.5','90','6','10'),('4.5','90','6','12'),('4.5','90','6','14'),('4.5','90','6','16'),('4.5','90','6','24'),
('7.5','85','7','5'),('7.5','85','7','2'),('7.5','85','7','6'),('7.5','85','7','7'),('7.5','85','7','8'),('7.5','85','7','11'),('7.5','85','7','13'),('7.5','85','7','15'),('7.5','85','7','17'),('7.5','85','7','23'),
('6.5','65','8','1'),('6.5','65','8','2'),('6.5','65','8','3'),('6.5','65','8','7'),('6.5','65','8','9'),('6.5','65','8','10'),('6.5','65','8','12'),('6.5','65','8','14'),('6.5','65','8','16'),('6.5','65','8','24'),
('8.0','75','9','5'),('8.0','75','9','1'),('8.0','75','9','4'),('8.0','75','9','6'),('8.0','75','9','8'),('8.0','75','9','11'),('8.0','75','9','12'),('8.0','75','9','15'),('8.0','75','9','17'),('8.0','75','9','23'),
('5.8','95','10','5'),('5.8','95','10','2'),('5.8','95','10','3'),('5.8','95','10','7'),('5.8','95','10','9'),('5.8','95','10','10'),('5.8','95','10','13'),('5.8','95','10','14'),('5.8','95','10','16'),('5.8','95','10','24'),
('7.4','58','11','5'),('7.4','58','11','1'),('7.4','58','11','6'),('7.4','58','11','7'),('7.4','58','11','8'),('7.4','58','11','11'),('7.4','58','11','12'),('7.4','58','11','15'),('7.4','58','11','16'),('7.4','58','11','23'),
('4.9','66','12','5'),('4.9','66','12','1'),('4.9','66','12','4'),('4.9','66','12','6'),('4.9','66','12','9'),('4.9','66','12','10'),('4.9','66','12','13'),('4.9','66','12','14'),('4.9','66','12','17'),('4.9','66','12','24'),
('6.7','58','13','5'),('6.7','58','13','2'),('6.7','58','13','6'),('6.7','58','13','7'),('6.7','58','13','8'),('6.7','58','13','11'),('6.7','58','13','12'),('6.7','58','13','15'),('6.7','58','13','16'),('6.7','58','13','23'),
('10','80','14','5'),('10','80','14','1'),('10','80','14','4'),('10','80','14','7'),('10','80','14','9'),('10','80','14','11'),('10','80','14','13'),('10','80','14','14'),('10','80','14','17'),('10','80','14','24'),
('8.7','75','15','5'),('8.7','75','15','2'),('8.7','75','15','6'),('8.7','75','15','8'),('8.7','75','15','26'),('8.7','75','15','11'),('8.7','75','15','12'),('8.7','75','15','15'),('8.7','75','15','16'),('8.7','75','15','23'),
('7.7','45','16','5'),('7.7','45','16','1'),('7.7','45','16','4'),('7.7','45','16','7'),('7.7','45','16','9'),('7.7','45','16','11'),('7.7','45','16','12'),('7.7','45','16','14'),('7.7','45','16','17'),('7.7','45','16','23'),
('4.5','65','17','5'),('4.5','65','17','2'),('4.5','65','17','4'),('4.5','65','17','8'),('4.5','65','17','10'),('4.5','65','17','12'),('4.5','65','17','13'),('4.5','65','17','15'),('4.5','65','17','23'),('4.5','65','17','24')
;


INSERT INTO endereco
(cod_endereco, nome_rua, numero_rua, complemento, CEP, fk_cod_tipo_logradouro)
VALUES
('1','SQN 108 BLOCO C','402','APTO','70744450','5'),
('2','QE 40 CONJ. 11','35','CASA','71070340','1'),
('3','QNM 23 CONJ. C','39','CASA','72215233','1'),
('4','QNN 22 CONJUNTO J','45','CASA','72220220','1'),
('5','SCRN 712/13 BLOCO E','706','APTO','70760670','2'),
('6','SQS 106 BLOCO B','306','APTO','71770631','5'),
('7','SQB 15 CONJUNTO 15','22','CASA','70330500','4'),
('8','SGAS 606','15','LOJA','70342510','3'),
('9','SCES TRECHO 1','22','APTO','70342530','2'),
('10','CLS 314 BLOCO D','106','APTO','73401609','5'),
('11','QNO 3 CONJ. 15','23','CASA','70722530','5'),
('12','SHCGN 707 BLOCO P','34','APTO','70732500','2'),
('13','QNQ 13 CONJUNTO M','40','CASA','70722540','1'),
('14','SQN 306 BLOCO A','506','APTO','73100120','3'),
('15','QNM 9 CONJUNTO K','15','CASA','72215230','1'),
('16','SBS QUADRA 3','135','APTO','73100150','2'),
('17','SCLRN 714 CONJ. K','23','LOJA','70760630','2'),
('18','CLN 102 BLOCO 3','606','APTO','70733530','5')
;

INSERT INTO endereco
(cod_endereco, nome_rua, numero_rua, complemento, CEP, fk_cod_tipo_logradouro)
VALUES
('19', 'EQ 13/11 BLOCO G','102', 'CASA','70722330','5');

INSERT INTO historico
(cod_historico, dt_inicio, dt_fim, fk_RA)
VALUES
('1','2022/02/01','2025/12/15','1'),
('2','2023/06/01','2027/12/15','3'),
('3','2025/02/01','2030/12/15','4'),
('4','2022/02/01','2025/12/15','6'),
('5','2020/07/01','2025/12/15','7'),
('6','2023/07/01','2026/12/15','8'),
('7','2022/02/01','2026/12/15','9'),
('8','2021/02/01','2026/12/15','10'),
('9','2021/02/01','2026/12/15','11'),
('10','2023/02/01','2025/12/15','12'),
('11','2021/02/01','2026/12/15','13'),
('12','2023/07/01','2026/12/15','14'),
('13','2021/02/01','2026/12/15','15'),
('14','2023/07/01','2026/12/15','17'),
('15','2022/02/01','2025/12/15','18'),
('16','2021/02/01','2026/12/15','19'),
('17','2021/02/01','2026/12/15','20')
;

INSERT INTO professor
(cod_professor, nome_professor, sobrenome_professor, status, fk_cod_departamento)
VALUES
('1','Lourenço', 'Nascimento','0', NULL),
('2','Rosimeire', 'Silva','1','1'),
('3','Pablo', 'Escobar','1','3'),
('4','Romulo', 'Estrela','1','5'),
('5','Jorge', 'Amado','0', NULL),
('6','Wilson', 'Castro','1','4'),
('7','Eline', 'Santos','0', NULL),
('8','Francis', 'do Amaral','1','2'),
('9','Rosangela', 'França','1','1'),
('10','Donato', 'Souza','1','5')
;

INSERT INTO professor_disciplina
(fk_cod_professor, fk_cod_disciplina)
VALUES
('1','1'),
('2','3'),
('3','2'),
('4','5'),
('5','6'),
('6','5'),
('7','20'),
('8','10'),
('9','25'),
('10','9')
;

INSERT INTO telefone
(cod_telefone, num_telefone, fk_cod_tipo)
VALUES
('1','6133714481','1'),
('2','61993185051','3'),
('3','61992078911','3'),
('4','61999913456','3'),
('5','61996645878','3'),
('6','61991854789','3'),
('7','6130427825','2'),
('8','6139623300','2'),
('9','6133725069','1'),
('10','61992034461','3'),
('11','6133341486','1'),
('12','619951844','3'),
('13','6139647127','1'),
('14','613342965','1'),
('15','61996645878','3')
;

INSERT INTO telefone
(cod_telefone, num_telefone, fk_cod_tipo)
VALUES
('16','33334488','2');

INSERT INTO telefone_aluno
(cod_tel_aluno, fk_RA, fk_cod_telefone)
VALUES
('1','2','2'),
('2','12','3'),
('3','13','4'),
('4','14','5'),
('5','18','6'),
('6','1','1'),
('7','1','7'),
('8','1','10'),
('9','5','9'),
('10','5','8'),
('11','5','12'),
('12','9','11'),
('13','9','16'),
('14','9','15')
;

INSERT INTO tipo_logradouro
(cod_tipo_logradouro, tipo_logradouro)
VALUES
('1','Rua'),
('2', 'Avenida'),
('3', 'Condominio'),
('4', 'Loteamento'),
('5', 'Quadra')
;

INSERT INTO tipo_telefone
(cod_tipo, tipo_telefone)
VALUES
('1', 'Res.'),
('2', 'Comer.'),
('3', 'Cel')
;

INSERT INTO turma
(cod_turma, periodo, num_aluno, dt_inicio, dt_fim, fk_cod_curso)
VALUES
('1','mat.','30', '2022/02/01', '2025/12/15','10'),
('2','not.','30', '2023/06/01', '2027/12/15','6'),
('3','mat.','30', '2025/02/01', '2030/12/15','2'),
('4','vesp.','30', '2020/07/01', '2025/12/15','8'),
('5','not.','30', '2021/02/01', '2026/12/15','7'),
('6','mat.','30', '2023/07/01', '2026/12/15','3'),
('7','vesp.','30', '2023/02/01', '2025/12/15','1'),
('8','mat.','30', '2022/02/01', '2026/12/15','4')
;